VISN,risk_score
1,30.234905
2,28.542341
3,29.318447
4,29.386793
5,29.824806
6,30.39479
7,31.155752
8,30.314049
9,28.008257
10,29.029823
11,30.257576
12,29.355965
13,30.172224
14,29.99115
15,30.043182
16,29.537169
17,29.087
18,29.058714
